particleNum,Area,Mean,StdDev,Mode,Min,Max,XM,YM,Circ.,IntDen,Median,Skew,Kurt,%Area,RawIntDen,AR,Round,Solidity,colocalized
1,0.1,216.75,93.419,255,0,255,48.635,0.201,0.414,21.59,255,-1.96,1.843,85,4335,1.356,0.738,0.606,yes
2,0.055,255,0,255,255,255,49.167,0.112,0.333,13.97,255,NaN,NaN,100,2805,3.694,0.271,0.489,yes
3,18.961,224.121,83.201,255,0,255,67.463,2.044,0.116,4249.494,255,-2.323,3.396,87.891,853230,1.629,0.614,0.787,yes
4,0.12,223.125,86.147,255,0,255,49.073,0.687,0.279,26.67,255,-2.268,3.143,87.5,5355,1.55,0.645,0.558,yes
5,0.478,215.156,93.075,255,0,255,29.352,1.493,0.152,102.872,255,-1.893,1.585,84.375,20655,2.538,0.394,0.533,yes
6,0.05,255,0,255,255,255,31.955,1.419,0.536,12.7,255,NaN,NaN,100,2550,2.452,0.408,0.667,yes
7,0.179,247.917,42.5,255,0,255,49.271,2.094,0.112,44.451,255,-5.747,31.029,97.222,8925,1.69,0.592,0.407,yes
8,0.06,233.75,73.612,255,0,255,49.295,2.512,0.524,13.97,255,-3.015,7.091,91.667,2805,1.529,0.654,0.649,yes
9,0.08,255,0,255,255,255,38.511,4.437,0.272,20.32,255,NaN,NaN,100,4080,1.56,0.641,0.552,yes
10,4.019,224.033,83.344,255,0,255,80.218,5.744,0.177,900.446,255,-2.318,3.373,87.856,180795,1.885,0.53,0.762,yes
11,0.369,234.324,70.08,255,0,255,73.051,5.161,0.068,86.362,255,-3.069,7.422,91.892,17340,2.073,0.482,0.439,yes
12,0.513,235.194,68.585,255,0,255,73.727,5.951,0.057,120.652,255,-3.156,7.959,92.233,24225,1.092,0.916,0.444,yes
13,0.1,229.5,78.487,255,0,255,74.627,6.061,0.278,22.86,255,-2.667,5.111,90,4590,1.525,0.656,0.563,yes
14,0.827,213.524,94.392,255,0,255,76.432,6.711,0.107,176.533,255,-1.828,1.342,83.735,35445,1.18,0.848,0.546,yes
15,0.06,255,0,255,255,255,67.038,6.628,0.266,15.24,255,NaN,NaN,100,3060,2.187,0.457,0.462,yes
16,0.144,246.207,47.352,255,0,255,68.473,6.901,0.161,35.561,255,-5.103,24.036,96.552,7140,2.212,0.452,0.384,yes
17,0.712,205.07,101.544,255,0,255,67.764,7.267,0.079,146.053,255,-1.533,0.351,80.42,29325,1.337,0.748,0.439,yes
18,0.055,255,0,255,255,255,70.961,7.022,0.262,13.97,255,NaN,NaN,100,2805,2.12,0.472,0.44,yes
19,0.717,223.125,84.628,255,0,255,21.304,8.371,0.135,160.023,255,-2.268,3.143,87.5,32130,1.579,0.633,0.579,yes
20,0.204,205.244,102.311,255,0,255,75.3,8.023,0.314,41.911,255,-1.539,0.367,80.488,8415,1.334,0.749,0.539,yes
21,0.05,255,0,255,255,255,68.208,8.356,0.329,12.7,255,NaN,NaN,100,2550,4.111,0.243,0.513,yes
22,0.06,255,0,255,255,255,68.926,9.633,0.192,15.24,255,NaN,NaN,100,3060,2.503,0.4,0.421,yes
23,0.085,225,84.687,255,0,255,70.123,10.894,0.396,19.05,255,-2.373,3.633,88.235,3825,1.745,0.573,0.607,yes
24,1.758,200.822,104.456,255,0,255,22.271,12.375,0.06,353.066,255,-1.406,-0.024,78.754,70890,1.625,0.615,0.551,yes
25,0.144,246.207,47.352,255,0,255,70.194,11.453,0.177,35.561,255,-5.103,24.036,96.552,7140,1.55,0.645,0.436,yes
26,0.06,233.75,73.612,255,0,255,22.509,11.481,0.503,13.97,255,-3.015,7.091,91.667,2805,1.573,0.636,0.632,yes
27,9.617,212.082,95.43,255,0,255,41.598,14.89,0.126,2039.656,255,-1.773,1.144,83.169,409530,1.136,0.88,0.778,yes
28,1.355,210,97.39,255,0,255,71.681,13.885,0.096,284.485,255,-1.697,0.881,82.353,57120,1.316,0.76,0.556,yes
29,0.1,255,0,255,255,255,82.693,13.338,0.162,25.4,255,NaN,NaN,100,5100,1.066,0.938,0.44,yes
30,0.065,255,0,255,255,255,72.584,14.079,0.245,16.51,255,NaN,NaN,100,3315,1.559,0.642,0.52,yes
31,1.873,206.848,99.933,255,0,255,37.83,15.07,0.12,387.357,255,-1.59,0.529,81.117,77775,2.035,0.491,0.649,yes
32,2.55,200.713,104.487,255,0,255,20.155,16.868,0.19,511.819,255,-1.403,-0.032,78.711,102765,1.432,0.699,0.717,yes
33,0.06,255,0,255,255,255,21.154,16.338,0.343,15.24,255,NaN,NaN,100,3060,2.898,0.345,0.48,yes
34,0.174,247.714,43.103,255,0,255,37.7,16.813,0.082,43.181,255,-5.659,30.029,97.143,8670,1.547,0.646,0.306,yes
35,0.055,255,0,255,255,255,72.873,17.261,0.262,13.97,255,NaN,NaN,100,2805,1.805,0.554,0.524,yes
36,0.075,255,0,255,255,255,37.208,17.603,0.174,19.05,255,NaN,NaN,100,3825,1.866,0.536,0.405,yes
37,0.09,255,0,255,255,255,36.51,17.796,0.199,22.86,255,NaN,NaN,100,4590,1.122,0.891,0.462,yes
38,0.075,238,65.841,255,0,255,37.373,18.107,0.291,17.78,255,-3.474,10.071,93.333,3570,3.911,0.256,0.492,yes
39,0.149,246.5,46.556,255,0,255,36.378,18.725,0.121,36.831,255,-5.199,25.034,96.667,7395,2.282,0.438,0.33,yes
40,0.075,255,0,255,255,255,63.941,18.61,0.184,19.05,255,NaN,NaN,100,3825,2.258,0.443,0.417,yes
41,0.09,240.833,60.104,255,0,255,36.812,18.592,0.34,21.59,255,-3.881,13.059,94.444,4335,2.756,0.363,0.621,yes
42,0.085,255,0,255,255,255,53.039,18.795,0.213,21.59,255,NaN,NaN,100,4335,1.344,0.744,0.466,yes
43,0.05,255,0,255,255,255,52.633,19.048,0.233,12.7,255,NaN,NaN,100,2550,2.422,0.413,0.435,yes
44,2.157,227.321,79.414,255,0,255,26.763,21.281,0.228,490.229,255,-2.517,4.335,89.145,98430,2.798,0.357,0.749,yes
45,0.055,231.818,76.885,255,0,255,30.784,20.17,0.976,12.7,255,-2.846,6.1,90.909,2550,1.45,0.69,0.815,yes
46,19.807,227.557,79.034,255,0,255,30.847,25.136,0.054,4507.309,255,-2.532,4.413,89.238,904995,2.451,0.408,0.578,yes
47,0.055,255,0,255,255,255,33.307,20.572,0.262,13.97,255,NaN,NaN,100,2805,2.065,0.484,0.423,yes
48,2.416,213.99,93.776,255,0,255,64.485,21.979,0.121,516.899,255,-1.847,1.41,83.918,103785,1.377,0.726,0.649,yes
49,0.06,255,0,255,255,255,22.589,21.642,0.363,15.24,255,NaN,NaN,100,3060,1.901,0.526,0.6,yes
50,0.055,255,0,255,255,255,22.086,21.707,0.333,13.97,255,NaN,NaN,100,2805,2.252,0.444,0.629,yes
51,0.134,255,0,255,255,255,34.624,21.999,0.138,34.291,255,NaN,NaN,100,6885,1.44,0.695,0.45,yes
52,0.065,255,0,255,255,255,22.504,22.086,0.245,16.51,255,NaN,NaN,100,3315,2.732,0.366,0.481,yes
53,0.613,205.244,101.468,255,0,255,34.161,22.511,0.127,125.732,255,-1.539,0.367,80.488,25245,1.338,0.747,0.553,yes
54,1.16,222.167,85.591,255,0,255,79.89,23.311,0.127,257.815,255,-2.217,2.914,87.124,51765,1.165,0.858,0.633,yes
55,0.214,249.07,38.887,255,0,255,75.486,24.121,0.07,53.341,255,-6.326,38.024,97.674,10710,1.442,0.693,0.368,yes
56,0.07,218.571,92.6,255,0,255,76.054,24.083,0.46,15.24,255,-2.041,2.167,85.714,3060,1.686,0.593,0.7,yes
57,2.54,225.5,81.641,255,0,255,69.357,28.111,0.119,572.78,255,-2.403,3.775,88.431,115005,1.875,0.533,0.648,yes
58,1.101,206.538,100.273,255,0,255,86.471,28.388,0.142,227.334,255,-1.58,0.497,80.995,45645,1.373,0.728,0.619,yes
59,0.105,218.571,91.435,255,0,255,30.958,28.127,0.267,22.86,255,-2.041,2.167,85.714,4590,1.202,0.832,0.568,yes
60,3.999,219.116,88.728,255,0,255,43.222,29.44,0.232,876.315,255,-2.066,2.27,85.928,175950,1.279,0.782,0.776,yes
61,0.598,210.375,97.298,255,0,255,28.413,29.416,0.219,125.732,255,-1.711,0.926,82.5,25245,1.385,0.722,0.665,yes
62,0.06,255,0,255,255,255,33.263,29.193,0.419,15.24,255,NaN,NaN,100,3060,2.473,0.404,0.686,yes
63,0.055,255,0,255,255,255,33.429,29.573,0.183,13.97,255,NaN,NaN,100,2805,2.485,0.402,0.324,yes
64,0.075,255,0,255,255,255,70.382,29.77,0.23,19.05,255,NaN,NaN,100,3825,1.2,0.834,0.462,yes
65,15.534,220.417,87.322,255,0,255,72.683,34.625,0.045,3423.98,255,-2.128,2.53,86.438,687480,2.958,0.338,0.518,yes
66,0.08,255,0,255,255,255,41.042,30.174,0.219,20.32,255,NaN,NaN,100,4080,1.612,0.62,0.478,yes
67,0.134,236.111,68.054,255,0,255,72.923,30.094,0.145,31.751,255,-3.253,8.58,92.593,6375,1.511,0.662,0.443,yes
68,0.408,227.012,80.2,255,0,255,30.232,30.876,0.073,92.712,255,-2.497,4.234,89.024,18615,1.588,0.63,0.396,yes
69,0.657,220.227,87.843,255,0,255,89.969,32.675,0.071,144.783,255,-2.119,2.491,86.364,29070,1.618,0.618,0.424,yes
70,6.838,245.528,48.242,255,0,255,57.506,36.183,0.202,1678.969,255,-4.895,21.96,96.286,337110,1.621,0.617,0.82,yes
71,0.887,193.399,109.457,255,0,255,74.647,34.775,0.185,171.453,255,-1.207,-0.542,75.843,34425,1.563,0.64,0.618,yes
72,0.05,255,0,255,255,255,43.106,34.461,0.194,12.7,255,NaN,NaN,100,2550,1.39,0.72,0.435,yes
73,0.473,220.105,88.103,255,0,255,30.268,35.757,0.13,104.142,255,-2.113,2.466,86.316,20910,1.942,0.515,0.519,yes
74,8.706,242.746,54.556,255,0,255,81.118,37.867,0.219,2113.317,255,-4.226,15.86,95.195,424320,1.456,0.687,0.813,yes
75,0.812,212.761,95.091,255,0,255,93.5,36.727,0.096,172.723,255,-1.799,1.236,83.436,34680,1.431,0.699,0.497,yes
76,0.055,255,0,255,255,255,92.928,37.15,0.361,13.97,255,NaN,NaN,100,2805,1.35,0.741,0.595,yes
77,11.375,231.666,73.54,255,0,255,92.498,39.748,0.108,2635.296,255,-2.834,6.029,90.849,529125,1.719,0.582,0.784,yes
78,1.644,198.591,106.002,255,0,255,40.33,38.383,0.161,326.396,255,-1.343,-0.195,77.879,65535,1.479,0.676,0.692,yes
79,0.095,241.579,58.501,255,0,255,93.509,37.494,0.422,22.86,255,-4.007,14.056,94.737,4590,2.382,0.42,0.594,yes
80,1.454,200.856,104.463,255,0,255,34.943,38.386,0.164,292.105,255,-1.407,-0.021,78.767,58650,1.314,0.761,0.665,yes
81,4.074,237.231,64.965,255,0,255,75.573,41.189,0.114,966.487,255,-3.38,9.426,93.032,194055,3.878,0.258,0.659,yes
82,0.05,255,0,255,255,255,57.764,39.457,0.27,12.7,255,NaN,NaN,100,2550,1.397,0.716,0.541,yes
83,0.08,255,0,255,255,255,81.472,39.896,0.203,20.32,255,NaN,NaN,100,4080,2.881,0.347,0.516,yes
84,1.141,197.096,107.064,255,0,255,83.055,41.036,0.095,224.794,255,-1.303,-0.302,77.293,45135,2.2,0.455,0.523,yes
85,0.095,241.579,58.501,255,0,255,23.971,40.481,0.218,22.86,255,-4.007,14.056,94.737,4590,2.517,0.397,0.5,yes
86,0.075,255,0,255,255,255,24.472,40.77,0.168,19.05,255,NaN,NaN,100,3825,2.114,0.473,0.417,yes
87,0.139,227.679,80.317,255,0,255,30.249,41.755,0.304,31.751,255,-2.54,4.453,89.286,6375,1.142,0.876,0.629,yes
88,0.941,234.762,69.112,255,0,255,71.198,43.177,0.17,220.984,255,-3.112,7.686,92.063,44370,1.933,0.517,0.643,yes
89,0.209,236.786,66.469,255,0,255,72.461,43.763,0.289,49.531,255,-3.328,9.077,92.857,9945,1.152,0.868,0.571,yes
90,0.438,237.614,64.643,255,0,255,71.157,45.037,0.189,104.142,255,-3.426,9.74,93.182,20910,1.522,0.657,0.591,yes
91,4.408,252.119,26.968,255,0,255,66.109,46.212,0.364,1111.269,255,-9.247,83.511,98.87,223125,1.472,0.679,0.851,yes
92,3.008,192.939,109.517,255,0,255,100.453,46.628,0.07,580.4,255,-1.196,-0.569,75.662,116535,2.142,0.467,0.637,yes
93,3.89,251.408,30.068,255,0,255,64.323,48.267,0.336,977.917,255,-8.247,66.014,98.592,196350,1.566,0.639,0.818,yes
94,2.46,201.316,104.064,255,0,255,43.584,49.325,0.056,495.309,255,-1.42,0.017,78.947,99450,2.471,0.405,0.515,yes
95,0.563,216.637,91.57,255,0,255,76.129,49.167,0.227,121.922,255,-1.956,1.824,84.956,24480,1.651,0.606,0.592,yes
96,0.164,224.091,84.516,255,0,255,44.525,50.244,0.167,36.831,255,-2.321,3.388,87.879,7395,1.222,0.818,0.446,yes
97,0.842,236.893,65.687,255,0,255,69.551,51.726,0.136,199.393,255,-3.341,9.16,92.899,40035,1.456,0.687,0.621,yes
98,0.309,217.984,90.56,255,0,255,79.927,52.63,0.306,67.311,255,-2.015,2.059,85.484,13515,1.427,0.701,0.713,yes
99,54.337,248.339,40.675,255,0,255,70.148,58.86,0.097,13493.986,255,-5.942,33.308,97.388,2709375,2.051,0.487,0.746,yes
100,0.07,236.786,68.152,255,0,255,81.688,53.589,0.911,16.51,255,-3.328,9.077,92.857,3315,1.401,0.714,0.824,yes
101,0.304,213.197,95.189,255,0,255,17.778,58.002,0.187,64.771,255,-1.816,1.296,83.607,13005,1.496,0.668,0.573,yes
102,12.77,227.252,79.424,255,0,255,78.857,60.284,0.069,2902.001,255,-2.512,4.312,89.119,582675,2.351,0.425,0.601,yes
103,0.05,255,0,255,255,255,67.227,59.034,0.709,12.7,255,NaN,NaN,100,2550,2.636,0.379,0.714,yes
104,0.11,231.818,75.032,255,0,255,36.984,59.598,0.189,25.4,255,-2.846,6.1,90.909,5100,1.905,0.525,0.478,yes
105,0.05,255,0,255,255,255,36.175,59.775,0.579,12.7,255,NaN,NaN,100,2550,1.167,0.857,0.667,yes
106,3.541,239.937,60.161,255,0,255,43.163,61.82,0.121,849.645,255,-3.741,11.991,94.093,170595,1.483,0.674,0.711,yes
107,0.05,255,0,255,255,255,65.089,60.699,0.436,12.7,255,NaN,NaN,100,2550,1.527,0.655,0.625,yes
108,0.359,212.5,95.7,255,0,255,36.811,61.734,0.172,76.201,255,-1.789,1.2,83.333,15300,1.841,0.543,0.556,yes
109,20.794,239.669,60.623,255,0,255,65.507,64.581,0.073,4983.567,255,-3.701,11.697,93.988,1000620,2.024,0.494,0.607,yes
110,0.393,235.633,67.986,255,0,255,39.257,62.265,0.113,92.712,255,-3.201,8.249,92.405,18615,1.42,0.704,0.453,yes
111,0.06,255,0,255,255,255,80.423,63.703,0.266,15.24,255,NaN,NaN,100,3060,1.799,0.556,0.545,yes
112,0.349,218.571,89.876,255,0,255,43.554,64.132,0.194,76.201,255,-2.041,2.167,85.714,15300,1.412,0.708,0.534,yes
113,0.065,255,0,255,255,255,90.319,63.914,0.288,16.51,255,NaN,NaN,100,3315,1.326,0.754,0.591,yes
114,3.825,238.398,62.952,255,0,255,95.582,65.481,0.153,911.876,255,-3.526,10.43,93.49,183090,1.791,0.558,0.68,yes
115,10.753,250.512,33.539,255,0,255,92.06,66.376,0.276,2693.717,255,-7.337,51.834,98.24,540855,1.659,0.603,0.855,yes
116,0.359,230.208,76.076,255,0,255,20.502,65.083,0.108,82.551,255,-2.719,5.393,90.278,16575,1.12,0.893,0.477,yes
117,0.07,236.786,68.152,255,0,255,35.457,64.723,0.326,16.51,255,-3.328,9.077,92.857,3315,2.777,0.36,0.528,yes
118,0.105,255,0,255,255,255,43.538,65.369,0.173,26.67,255,NaN,NaN,100,5355,2.27,0.44,0.442,yes
119,2.072,237.837,63.968,255,0,255,99.324,66.254,0.245,492.769,255,-3.454,9.929,93.269,98940,1.717,0.583,0.758,yes
120,1.011,242.438,55.322,255,0,255,84.16,67.523,0.47,245.114,255,-4.166,15.352,95.074,49215,1.652,0.605,0.785,yes
121,2.789,220.393,87.412,255,0,255,38.538,69.558,0.024,614.691,255,-2.127,2.525,86.429,123420,3.88,0.258,0.362,yes
122,0.055,231.818,76.885,255,0,255,45.272,68.095,0.384,12.7,255,-2.846,6.1,90.909,2550,2.838,0.352,0.564,yes
123,28.588,245.893,47.326,255,0,255,71.334,73.116,0.217,7029.573,255,-5.004,23.037,96.429,1411425,1.899,0.527,0.808,yes
124,34.281,241.811,56.478,255,0,255,48.106,73.509,0.052,8289.435,255,-4.048,14.389,94.828,1664385,1.627,0.615,0.538,yes
125,0.827,230.422,75.483,255,0,255,56.648,70.07,0.313,190.503,255,-2.735,5.482,90.361,38250,1.461,0.684,0.765,yes
126,0.055,255,0,255,255,255,47.069,69.864,0.276,13.97,255,NaN,NaN,100,2805,1.183,0.845,0.564,yes
127,0.055,231.818,76.885,255,0,255,45.689,70.453,0.384,12.7,255,-2.846,6.1,90.909,2550,1.183,0.845,0.55,yes
128,2.162,245.012,49.527,255,0,255,23.23,71.935,0.352,529.599,255,-4.751,20.57,96.083,106335,1.256,0.796,0.831,yes
129,0.095,241.579,58.501,255,0,255,91.125,72.533,0.161,22.86,255,-4.007,14.056,94.737,4590,1.037,0.965,0.487,yes
130,1.728,249.121,38.325,255,0,255,64.62,73.234,0.481,430.538,255,-6.356,38.399,97.695,86445,1.215,0.823,0.858,yes
131,0.244,244.592,50.978,255,0,255,89.05,73.596,0.379,59.691,255,-4.641,19.543,95.918,11985,1.079,0.927,0.76,yes
132,6.071,238.056,63.537,255,0,255,20.411,76.393,0.12,1445.285,255,-3.481,10.121,93.355,290190,2.298,0.435,0.63,yes
133,0.657,247.273,43.879,255,0,255,41.212,75.485,0.31,162.563,255,-5.48,28.031,96.97,32640,1.252,0.798,0.71,yes
134,6.948,234.344,69.599,255,0,255,94.75,77.073,0.207,1628.168,255,-3.071,7.433,91.9,326910,1.749,0.572,0.769,yes
135,4.233,235.5,67.806,255,0,255,54.745,76.755,0.204,996.967,255,-3.187,8.16,92.353,200175,1.143,0.875,0.785,yes
136,0.513,237.67,64.492,255,0,255,35.259,77.35,0.218,121.922,255,-3.433,9.787,93.204,24480,1.354,0.738,0.675,yes
137,0.055,255,0,255,255,255,90.31,77.517,0.384,13.97,255,NaN,NaN,100,2805,2.135,0.468,0.595,yes
138,0.134,245.556,49.075,255,0,255,48.554,78.053,0.207,33.021,255,-4.903,22.038,96.296,6630,1.688,0.592,0.486,yes
139,2.879,243.088,53.857,255,0,255,71.872,79.711,0.363,699.782,255,-4.296,16.456,95.329,140505,1.807,0.553,0.815,yes
140,0.07,236.786,68.152,255,0,255,78.903,79.473,0.489,16.51,255,-3.328,9.077,92.857,3315,1.608,0.622,0.622,yes
141,1.848,233.693,70.66,255,0,255,52.63,81.443,0.174,431.808,255,-3.01,7.059,91.644,86700,1.319,0.758,0.688,yes
142,15.4,247.743,42.409,255,0,255,62.059,84.757,0.207,3815.147,255,-5.671,30.166,97.154,766020,1.526,0.655,0.77,yes
143,11.849,241.709,56.692,255,0,255,89.144,85.947,0.146,2863.9,255,-4.03,14.24,94.788,575025,2.307,0.434,0.796,yes
144,2.321,245.15,49.192,255,0,255,51.573,84.781,0.227,568.97,255,-4.788,20.929,96.137,114240,1.042,0.959,0.776,yes
145,7.595,248.311,40.767,255,0,255,68.837,86.824,0.255,1885.983,255,-5.929,33.152,97.377,378675,1.09,0.918,0.841,yes
146,0.603,236.033,67.187,255,0,255,64.646,86.71,0.282,142.242,255,-3.244,8.525,92.562,28560,1.099,0.91,0.651,yes
147,0.105,255,0,255,255,255,99.411,86.729,0.161,26.67,255,NaN,NaN,100,5355,1.169,0.855,0.477,yes
148,0.075,238,65.841,255,0,255,63.258,87.152,0.573,17.78,255,-3.474,10.071,93.333,3570,1.254,0.798,0.682,yes
149,0.05,255,0,255,255,255,99.472,87.185,0.251,12.7,255,NaN,NaN,100,2550,1.711,0.585,0.455,yes
150,3.332,245.09,49.321,255,0,255,99.485,88.653,0.295,816.624,255,-4.772,20.771,96.114,163965,1.371,0.73,0.804,yes
151,0.075,255,0,255,255,255,79.265,87.588,0.723,19.05,255,NaN,NaN,100,3825,1.269,0.788,0.769,yes
152,0.144,255,0,255,255,255,47.236,87.893,0.712,36.831,255,NaN,NaN,100,7395,1.418,0.705,0.773,yes
153,0.249,204,103.036,255,0,255,95.666,88.639,0.28,50.801,255,-1.5,0.25,80,10200,1.29,0.775,0.658,yes
154,0.075,255,0,255,255,255,91.601,88.467,0.439,19.05,255,NaN,NaN,100,3825,1.4,0.714,0.714,yes
155,0.289,219.828,88.699,255,0,255,54.804,90.35,0.257,63.501,255,-2.1,2.41,86.207,12750,1.382,0.723,0.598,yes
156,0.294,237.712,64.656,255,0,255,81.405,90.793,0.278,69.851,255,-3.438,9.823,93.22,14025,1.232,0.812,0.638,yes
157,0.354,193.944,109.593,255,0,255,75.617,90.861,0.366,68.581,255,-1.221,-0.509,76.056,13770,1.184,0.844,0.743,yes
158,0.164,255,0,255,255,255,82.201,91.42,0.26,41.911,255,NaN,NaN,100,8415,1.468,0.681,0.559,yes
159,0.08,239.062,63.75,255,0,255,85.197,91.54,0.214,19.05,255,-3.615,11.067,93.75,3825,1.187,0.842,0.533,yes
160,0.154,230.323,76.637,255,0,255,101.103,91.853,0.283,35.561,255,-2.728,5.44,90.323,7140,1.321,0.757,0.608,yes
161,0.1,242.25,57.02,255,0,255,101.069,92.281,0.302,24.13,255,-4.129,15.053,95,4845,2.129,0.47,0.556,yes
162,0.817,244.116,51.704,255,0,255,71.565,93.84,0.173,199.393,255,-4.525,18.473,95.732,40035,3.036,0.329,0.606,yes
163,0.06,255,0,255,255,255,101.324,93.179,0.372,15.24,255,NaN,NaN,100,3060,2.394,0.418,0.6,yes
164,7.615,246.661,45.367,255,0,255,98.71,96.533,0.23,1878.363,255,-5.255,25.614,96.73,377145,1.305,0.766,0.801,yes
165,0.528,247.783,42.489,255,0,255,71.045,95.769,0.485,130.812,255,-5.689,30.362,97.17,26265,1.301,0.769,0.791,yes
166,0.164,255,0,255,255,255,88.031,96.078,0.55,41.911,255,NaN,NaN,100,8415,1.523,0.656,0.786,yes
167,0.125,183.6,116.856,255,0,255,16.247,97.045,0.377,22.86,255,-0.98,-1.04,72,4590,1.589,0.629,0.595,yes
168,0.234,255,0,255,255,255,83.731,97.496,0.398,59.691,255,NaN,NaN,100,11985,1.236,0.809,0.686,yes
169,0.1,255,0,255,255,255,80.689,98.255,0.268,25.4,255,NaN,NaN,100,5100,1.5,0.667,0.541,yes
1,0.035,255,0,255,255,255,76.203,7.98,0.293,8.89,255,NaN,NaN,100,1785,1.876,0.533,0.583,no
2,0.015,255,0,255,255,255,76.042,8.198,0.754,3.81,255,NaN,NaN,100,765,2.702,0.37,0.667,no
3,0.035,255,0,255,255,255,48.851,10.228,0.496,8.89,255,NaN,NaN,100,1785,2.102,0.476,0.609,no
4,0.035,255,0,255,255,255,49.285,10.379,0.348,8.89,255,NaN,NaN,100,1785,2.568,0.389,0.483,no
5,0.015,255,0,255,255,255,48.942,10.668,0.754,3.81,255,NaN,NaN,100,765,2.702,0.37,0.667,no
6,0.025,255,0,255,255,255,49.436,10.678,0.491,6.35,255,NaN,NaN,100,1275,1.371,0.729,0.625,no
7,0.025,255,0,255,255,255,48.998,11.016,0.491,6.35,255,NaN,NaN,100,1275,1.629,0.614,0.556,no
8,0.015,255,0,255,255,255,49.248,11.021,1,3.81,255,NaN,NaN,100,765,1.464,0.683,0.857,no
9,0.015,255,0,255,255,255,44.402,13.444,0.643,3.81,255,NaN,NaN,100,765,2.702,0.37,0.667,no
10,0.02,255,0,255,255,255,44.073,13.515,0.698,5.08,255,NaN,NaN,100,1020,1.581,0.632,0.615,no
11,0.025,255,0,255,255,255,44.623,13.726,0.491,6.35,255,NaN,NaN,100,1275,1.371,0.729,0.625,no
12,0.03,255,0,255,255,255,44.684,13.985,0.532,7.62,255,NaN,NaN,100,1530,3.198,0.313,0.706,no
13,0.02,255,0,255,255,255,48.977,14.115,1,5.08,255,NaN,NaN,100,1020,1,1,1,no
14,0.015,255,0,255,255,255,44.614,14.22,0.524,3.81,255,NaN,NaN,100,765,1.567,0.638,0.6,no
15,0.07,236.786,68.152,255,0,255,48.399,14.367,0.344,16.51,255,-3.328,9.077,92.857,3315,1.775,0.563,0.509,no
16,0.05,255,0,255,255,255,49.154,14.587,0.256,12.7,255,NaN,NaN,100,2550,3.918,0.255,0.5,no
17,0.06,255,0,255,255,255,44.725,14.514,0.351,15.24,255,NaN,NaN,100,3060,1.878,0.533,0.5,no
18,0.015,255,0,255,255,255,44.425,14.761,0.754,3.81,255,NaN,NaN,100,765,2.702,0.37,0.667,no
19,0.025,255,0,255,255,255,48.434,14.757,0.641,6.35,255,NaN,NaN,100,1275,1.553,0.644,0.714,no
20,0.035,255,0,255,255,255,48.529,15.027,0.305,8.89,255,NaN,NaN,100,1785,1.354,0.739,0.483,no
21,0.015,255,0,255,255,255,48.848,15.044,1,3.81,255,NaN,NaN,100,765,1.464,0.683,0.857,no
22,0.015,255,0,255,255,255,48.33,15.279,0.524,3.81,255,NaN,NaN,100,765,1.567,0.638,0.6,no
23,0.03,255,0,255,255,255,48.519,15.385,0.377,7.62,255,NaN,NaN,100,1530,2.821,0.354,0.545,no
24,0.02,255,0,255,255,255,48.907,15.332,0.611,5.08,255,NaN,NaN,100,1020,3.093,0.323,0.667,no
25,0.025,255,0,255,255,255,28.236,15.674,0.388,6.35,255,NaN,NaN,100,1275,1.729,0.578,0.476,no
26,0.02,255,0,255,255,255,48.713,15.738,0.457,5.08,255,NaN,NaN,100,1020,2.293,0.436,0.615,no
27,0.015,255,0,255,255,255,27.653,17.09,1,3.81,255,NaN,NaN,100,765,1.464,0.683,0.857,no
28,0.129,255,0,255,255,255,28.012,17.312,0.186,33.021,255,NaN,NaN,100,6630,1.928,0.519,0.46,no
29,0.085,255,0,255,255,255,18.392,20.269,0.208,21.59,255,NaN,NaN,100,4335,1.084,0.922,0.479,no
30,0.015,255,0,255,255,255,18.078,20.431,0.643,3.81,255,NaN,NaN,100,765,2.702,0.37,0.667,no
31,0.04,255,0,255,255,255,15.12,21.066,0.305,10.16,255,NaN,NaN,100,2040,2.661,0.376,0.593,no
32,0.015,255,0,255,255,255,15.326,21.348,0.643,3.81,255,NaN,NaN,100,765,2.702,0.37,0.667,no
33,0.015,255,0,255,255,255,14.95,21.395,1,3.81,255,NaN,NaN,100,765,1.464,0.683,0.857,no
34,0.015,255,0,255,255,255,15.185,21.489,0.524,3.81,255,NaN,NaN,100,765,1.567,0.638,0.6,no
35,0.015,255,0,255,255,255,14.597,21.654,1,3.81,255,NaN,NaN,100,765,1.464,0.683,0.857,no
36,0.03,255,0,255,255,255,100.73,22.524,0.348,7.62,255,NaN,NaN,100,1530,2.552,0.392,0.5,no
37,0.025,255,0,255,255,255,57.693,27.742,0.764,6.35,255,NaN,NaN,100,1275,1.653,0.605,0.833,no
38,0.015,255,0,255,255,255,16.643,28.194,0.643,3.81,255,NaN,NaN,100,765,2.702,0.37,0.667,no
39,0.015,255,0,255,255,255,9.939,28.358,1,3.81,255,NaN,NaN,100,765,1.464,0.683,0.857,no
40,0.015,255,0,255,255,255,90.462,32.028,1,3.81,255,NaN,NaN,100,765,1.464,0.683,0.857,no
41,0.02,255,0,255,255,255,93.544,33.434,1,5.08,255,NaN,NaN,100,1020,1.468,0.681,0.8,no
42,0.06,255,0,255,255,255,93.779,33.698,0.242,15.24,255,NaN,NaN,100,3060,1.434,0.698,0.471,no
43,0.015,255,0,255,255,255,47.319,37.203,0.524,3.81,255,NaN,NaN,100,765,1.567,0.638,0.6,no
44,0.015,255,0,255,255,255,86.957,38.733,1,3.81,255,NaN,NaN,100,765,1.464,0.683,0.857,no
45,0.03,255,0,255,255,255,59.493,38.944,0.377,7.62,255,NaN,NaN,100,1530,1.014,0.986,0.522,no
46,0.015,255,0,255,255,255,86.816,38.921,0.643,3.81,255,NaN,NaN,100,765,2.702,0.37,0.667,no
47,0.04,223.125,90.156,255,0,255,52.723,38.971,0.785,8.89,255,-2.268,3.143,87.5,1785,1.593,0.628,0.762,no
48,0.08,255,0,255,255,255,53.225,39.322,0.272,20.32,255,NaN,NaN,100,4080,1.63,0.613,0.552,no
49,0.015,255,0,255,255,255,86.416,39.227,0.754,3.81,255,NaN,NaN,100,765,2.702,0.37,0.667,no
50,0.199,255,0,255,255,255,53.293,39.921,0.1,50.801,255,NaN,NaN,100,10200,1.656,0.604,0.468,no
51,0.015,255,0,255,255,255,52.8,39.697,0.643,3.81,255,NaN,NaN,100,765,2.702,0.37,0.667,no
52,0.015,255,0,255,255,255,52.847,39.909,0.643,3.81,255,NaN,NaN,100,765,2.702,0.37,0.667,no
53,0.02,255,0,255,255,255,52.682,40.015,0.645,5.08,255,NaN,NaN,100,1020,4,0.25,1,no
54,0.035,255,0,255,255,255,53.076,40.342,0.496,8.89,255,NaN,NaN,100,1785,1.95,0.513,0.609,no
55,0.03,212.5,104.103,255,0,255,53.205,40.629,0.589,6.35,255,-1.789,1.2,83.333,1275,1.633,0.612,0.667,no
56,0.015,255,0,255,255,255,53.247,40.897,0.524,3.81,255,NaN,NaN,100,765,4.123,0.243,0.6,no
57,0.025,255,0,255,255,255,99.415,43.197,0.572,6.35,255,NaN,NaN,100,1275,1.141,0.877,0.667,no
58,0.035,255,0,255,255,255,57.915,43.316,0.44,8.89,255,NaN,NaN,100,1785,1.675,0.597,0.519,no
59,0.04,255,0,255,255,255,99.595,43.676,0.359,10.16,255,NaN,NaN,100,2040,2.108,0.474,0.571,no
60,0.105,230.714,76.702,255,0,255,63.213,44.295,0.322,24.13,255,-2.758,5.605,90.476,4845,2.113,0.473,0.56,no
61,0.02,255,0,255,255,255,72.584,44.831,0.698,5.08,255,NaN,NaN,100,1020,2.654,0.377,0.667,no
62,0.03,255,0,255,255,255,101.295,45.331,0.589,7.62,255,NaN,NaN,100,1530,2.172,0.46,0.667,no
63,0.07,200.357,108.583,255,0,255,68.382,46.292,0.489,13.97,255,-1.393,-0.061,78.571,2805,1.281,0.78,0.718,no
64,0.02,255,0,255,255,255,99.119,46.366,0.457,5.08,255,NaN,NaN,100,1020,3.873,0.258,0.571,no
65,0.05,255,0,255,255,255,68.237,46.606,0.806,12.7,255,NaN,NaN,100,2550,1.918,0.521,0.8,no
66,0.03,255,0,255,255,255,13.091,48.377,0.615,7.62,255,NaN,NaN,100,1530,1.844,0.542,0.667,no
67,0.02,255,0,255,255,255,12.809,48.942,0.698,5.08,255,NaN,NaN,100,1020,1.581,0.632,0.615,no
68,0.02,255,0,255,255,255,23.377,49.013,0.457,5.08,255,NaN,NaN,100,1020,1.517,0.659,0.571,no
69,0.02,255,0,255,255,255,23.765,49.118,0.457,5.08,255,NaN,NaN,100,1020,2.293,0.436,0.615,no
70,0.12,244.375,52.052,255,0,255,25.067,49.396,0.14,29.211,255,-4.587,19.043,95.833,5865,1.447,0.691,0.425,no
71,0.03,255,0,255,255,255,76.948,49.248,0.465,7.62,255,NaN,NaN,100,1530,3.185,0.314,0.5,no
72,0.015,255,0,255,255,255,25.512,49.342,0.524,3.81,255,NaN,NaN,100,765,1.567,0.638,0.6,no
73,0.015,255,0,255,255,255,64.821,50.142,0.524,3.81,255,NaN,NaN,100,765,4.123,0.243,0.6,no
74,0.015,255,0,255,255,255,74.513,50.095,1,3.81,255,NaN,NaN,100,765,1.464,0.683,0.857,no
75,0.025,255,0,255,255,255,64.666,50.579,0.572,6.35,255,NaN,NaN,100,1275,1.064,0.94,0.667,no
76,0.065,235.385,70.724,255,0,255,64.527,50.906,0.454,15.24,255,-3.175,8.083,92.308,3060,1.271,0.787,0.634,no
77,0.1,242.25,57.02,255,0,255,80.332,52.326,0.476,24.13,255,-4.129,15.053,95,4845,2.409,0.415,0.645,no
78,0.055,255,0,255,255,255,47.447,52.426,0.589,13.97,255,NaN,NaN,100,2805,1.283,0.779,0.688,no
79,0.159,247.031,45.078,255,0,255,80.283,53.119,0.274,39.371,255,-5.388,27.032,96.875,7905,4.041,0.247,0.547,no
80,0.184,206.757,101.251,255,0,255,27.926,54.75,0.21,38.101,255,-1.587,0.519,81.081,7650,1.939,0.516,0.525,no
81,0.06,255,0,255,255,255,27.782,55.264,0.317,15.24,255,NaN,NaN,100,3060,1.277,0.783,0.545,no
82,0.03,255,0,255,255,255,46.895,55.388,0.39,7.62,255,NaN,NaN,100,1530,1.64,0.61,0.522,no
83,0.015,255,0,255,255,255,21.089,55.435,0.524,3.81,255,NaN,NaN,100,765,1.567,0.638,0.6,no
84,0.015,255,0,255,255,255,27.582,55.482,1,3.81,255,NaN,NaN,100,765,1.464,0.683,0.857,no
85,0.075,238,65.841,255,0,255,21.318,55.697,0.278,17.78,255,-3.474,10.071,93.333,3570,1.404,0.712,0.517,no
86,0.03,255,0,255,255,255,47.001,55.705,0.769,7.62,255,NaN,NaN,100,1530,1.584,0.631,0.667,no
87,0.06,255,0,255,255,255,18.461,56.129,0.213,15.24,255,NaN,NaN,100,3060,4.333,0.231,0.407,no
88,0.03,255,0,255,255,255,18.572,56.482,0.589,7.62,255,NaN,NaN,100,1530,1.633,0.612,0.667,no
89,0.105,230.714,76.702,255,0,255,18.663,56.958,0.277,24.13,255,-2.758,5.605,90.476,4845,1.779,0.562,0.568,no
90,0.055,255,0,255,255,255,20.854,56.84,0.409,13.97,255,NaN,NaN,100,2805,2.224,0.45,0.579,no
91,0.02,255,0,255,255,255,20.801,57.27,0.698,5.08,255,NaN,NaN,100,1020,2.654,0.377,0.667,no
92,0.015,255,0,255,255,255,21.325,57.458,1,3.81,255,NaN,NaN,100,765,1.464,0.683,0.857,no
93,0.015,255,0,255,255,255,27.653,57.481,0.643,3.81,255,NaN,NaN,100,765,2.702,0.37,0.667,no
94,0.015,255,0,255,255,255,27.7,57.717,0.754,3.81,255,NaN,NaN,100,765,2.702,0.37,0.667,no
95,0.249,244.8,50.477,255,0,255,61.075,58.709,0.137,60.961,255,-4.695,20.042,96,12240,2.345,0.426,0.474,no
96,0.015,255,0,255,255,255,27.629,58.281,0.524,3.81,255,NaN,NaN,100,765,1.567,0.638,0.6,no
97,0.015,255,0,255,255,255,36.709,58.469,0.643,3.81,255,NaN,NaN,100,765,2.702,0.37,0.667,no
98,0.015,255,0,255,255,255,60.445,58.446,0.524,3.81,255,NaN,NaN,100,765,1.567,0.638,0.6,no
99,0.015,255,0,255,255,255,37.65,58.634,0.754,3.81,255,NaN,NaN,100,765,2.702,0.37,0.667,no
100,0.02,255,0,255,255,255,77.665,58.787,1,5.08,255,NaN,NaN,100,1020,2.031,0.492,0.8,no
101,0.07,255,0,255,255,255,38.341,59.165,0.333,17.78,255,NaN,NaN,100,3570,2.166,0.462,0.571,no
102,0.03,255,0,255,255,255,77.7,59.069,0.348,7.62,255,NaN,NaN,100,1530,1.741,0.574,0.5,no
103,0.025,255,0,255,255,255,60.304,59.189,0.444,6.35,255,NaN,NaN,100,1275,1.829,0.547,0.556,no
104,0.02,255,0,255,255,255,38.109,59.598,0.393,5.08,255,NaN,NaN,100,1020,2.179,0.459,0.5,no
105,0.025,255,0,255,255,255,60.968,59.655,0.641,6.35,255,NaN,NaN,100,1275,3.145,0.318,0.667,no
106,0.189,228.158,79.308,255,0,255,63.837,60.186,0.17,43.181,255,-2.572,4.618,89.474,8670,1.88,0.532,0.524,no
107,0.015,255,0,255,255,255,64.186,59.787,0.754,3.81,255,NaN,NaN,100,765,2.702,0.37,0.667,no
108,0.055,255,0,255,255,255,60.92,59.964,0.257,13.97,255,NaN,NaN,100,2805,1.231,0.812,0.512,no
109,0.015,255,0,255,255,255,38.074,59.951,0.809,3.81,255,NaN,NaN,100,765,3,0.333,1,no
110,0.035,255,0,255,255,255,62.25,60.173,0.406,8.89,255,NaN,NaN,100,1785,1.337,0.748,0.56,no
111,0.06,233.75,73.612,255,0,255,38.106,60.413,0.503,13.97,255,-3.015,7.091,91.667,2805,3.273,0.306,0.686,no
112,0.015,255,0,255,255,255,37.768,60.398,1,3.81,255,NaN,NaN,100,765,1.464,0.683,0.857,no
113,0.035,255,0,255,255,255,63.641,60.728,0.621,8.89,255,NaN,NaN,100,1785,1.521,0.658,0.7,no
114,0.015,255,0,255,255,255,37.815,60.704,1,3.81,255,NaN,NaN,100,765,1.464,0.683,0.857,no
115,0.04,255,0,255,255,255,37.73,61.001,0.645,10.16,255,NaN,NaN,100,2040,1.725,0.58,0.667,no
116,0.025,255,0,255,255,255,64.101,60.925,0.491,6.35,255,NaN,NaN,100,1275,2.496,0.401,0.588,no
117,0.035,255,0,255,255,255,37.822,61.333,0.8,8.89,255,NaN,NaN,100,1785,2.123,0.471,0.875,no
118,0.02,255,0,255,255,255,37.333,61.751,0.539,5.08,255,NaN,NaN,100,1020,3.493,0.286,0.667,no
119,0.025,255,0,255,255,255,37.636,61.716,0.572,6.35,255,NaN,NaN,100,1275,2.98,0.336,0.625,no
120,0.02,255,0,255,255,255,39.785,61.804,0.857,5.08,255,NaN,NaN,100,1020,2,0.5,0.8,no
121,0.025,255,0,255,255,255,37.185,62.026,0.403,6.35,255,NaN,NaN,100,1275,1.788,0.559,0.556,no
122,0.06,233.75,73.612,255,0,255,58.925,62.287,0.579,13.97,255,-3.015,7.091,91.667,2805,2.435,0.411,0.706,no
123,0.025,255,0,255,255,255,58.794,62.506,0.491,6.35,255,NaN,NaN,100,1275,2.136,0.468,0.667,no
124,0.015,255,0,255,255,255,79.571,62.445,0.754,3.81,255,NaN,NaN,100,765,2.702,0.37,0.667,no
125,0.015,255,0,255,255,255,80.653,62.845,0.524,3.81,255,NaN,NaN,100,765,1.567,0.638,0.6,no
126,0.015,255,0,255,255,255,80.017,63.198,0.643,3.81,255,NaN,NaN,100,765,2.702,0.37,0.667,no
127,0.03,255,0,255,255,255,66.209,63.821,0.589,7.62,255,NaN,NaN,100,1530,1.541,0.649,0.6,no
128,0.015,255,0,255,255,255,85.357,63.762,0.967,3.81,255,NaN,NaN,100,765,3,0.333,1,no
129,0.025,255,0,255,255,255,95.703,63.974,0.491,6.35,255,NaN,NaN,100,1275,1.665,0.601,0.556,no
130,0.015,255,0,255,255,255,100.672,64.656,0.524,3.81,255,NaN,NaN,100,765,1.567,0.638,0.6,no
131,0.02,255,0,255,255,255,51.218,64.891,0.457,5.08,255,NaN,NaN,100,1020,1.517,0.659,0.571,no
132,0.035,255,0,255,255,255,51.17,65.224,0.375,8.89,255,NaN,NaN,100,1785,1.673,0.598,0.583,no
133,0.05,255,0,255,255,255,49.951,65.343,0.194,12.7,255,NaN,NaN,100,2550,1.529,0.654,0.435,no
134,0.015,255,0,255,255,255,100.742,65.197,0.754,3.81,255,NaN,NaN,100,765,2.702,0.37,0.667,no
135,0.02,255,0,255,255,255,84.546,65.685,0.698,5.08,255,NaN,NaN,100,1020,1.637,0.611,0.727,no
136,0.015,255,0,255,255,255,85.993,65.691,0.754,3.81,255,NaN,NaN,100,765,2.702,0.37,0.667,no
137,0.015,255,0,255,255,255,84.44,65.879,0.524,3.81,255,NaN,NaN,100,765,4.123,0.243,0.6,no
138,0.015,255,0,255,255,255,50.706,65.95,0.967,3.81,255,NaN,NaN,100,765,3,0.333,1,no
139,0.06,255,0,255,255,255,22.007,66.503,0.184,15.24,255,NaN,NaN,100,3060,3.439,0.291,0.49,no
140,0.025,255,0,255,255,255,21.673,66.458,0.388,6.35,255,NaN,NaN,100,1275,2.366,0.423,0.476,no
141,0.02,255,0,255,255,255,41.214,66.515,0.513,5.08,255,NaN,NaN,100,1020,3.873,0.258,0.571,no
142,0.05,255,0,255,255,255,49.295,66.712,0.497,12.7,255,NaN,NaN,100,2550,2.564,0.39,0.69,no
143,0.02,255,0,255,255,255,49.26,66.903,1,5.08,255,NaN,NaN,100,1020,1,1,1,no
144,0.144,246.207,47.352,255,0,255,49.749,67.329,0.161,35.561,255,-5.103,24.036,96.552,7140,2.88,0.347,0.446,no
145,0.015,255,0,255,255,255,82.817,66.985,0.524,3.81,255,NaN,NaN,100,765,1.567,0.638,0.6,no
146,0.05,255,0,255,255,255,84.983,68.752,0.382,12.7,255,NaN,NaN,100,2550,2.821,0.354,0.606,no
147,0.03,255,0,255,255,255,83.405,68.749,0.589,7.62,255,NaN,NaN,100,1530,1.915,0.522,0.632,no
148,0.015,255,0,255,255,255,83.57,68.961,1,3.81,255,NaN,NaN,100,765,1.464,0.683,0.857,no
149,0.035,218.571,96.381,255,0,255,85.228,69.114,0.898,7.62,255,-2.041,2.167,85.714,1530,1.571,0.636,0.737,no
150,0.03,255,0,255,255,255,56.858,69.349,1,7.62,255,NaN,NaN,100,1530,1.291,0.775,0.8,no
151,0.115,243.913,53.171,255,0,255,57.276,69.642,0.246,27.94,255,-4.477,18.045,95.652,5610,3.807,0.263,0.561,no
152,0.035,255,0,255,255,255,57.189,70.366,0.687,8.89,255,NaN,NaN,100,1785,1.687,0.593,0.7,no
153,0.129,235.385,69.295,255,0,255,58.946,70.643,0.292,30.481,255,-3.175,8.083,92.308,6120,1.948,0.513,0.591,no
154,0.015,255,0,255,255,255,85.946,70.467,0.643,3.81,255,NaN,NaN,100,765,2.702,0.37,0.667,no
155,0.015,255,0,255,255,255,84.275,70.608,0.524,3.81,255,NaN,NaN,100,765,1.567,0.638,0.6,no
156,0.02,255,0,255,255,255,85.71,70.643,1,5.08,255,NaN,NaN,100,1020,2.031,0.492,0.8,no
157,0.015,255,0,255,255,255,56.776,70.772,0.754,3.81,255,NaN,NaN,100,765,2.702,0.37,0.667,no
158,0.015,255,0,255,255,255,58.422,70.89,0.643,3.81,255,NaN,NaN,100,765,2.702,0.37,0.667,no
159,0.07,218.571,92.6,255,0,255,78.947,70.949,0.37,15.24,255,-2.041,2.167,85.714,3060,1.41,0.709,0.549,no
160,0.035,255,0,255,255,255,58.731,71.293,0.543,8.89,255,NaN,NaN,100,1785,1.289,0.776,0.609,no
161,0.03,255,0,255,255,255,77.536,71.655,0.348,7.62,255,NaN,NaN,100,1530,2.212,0.452,0.462,no
162,0.02,255,0,255,255,255,77.789,71.684,0.857,5.08,255,NaN,NaN,100,1020,2,0.5,0.8,no
163,0.02,255,0,255,255,255,76.695,71.755,0.857,5.08,255,NaN,NaN,100,1020,2,0.5,0.8,no
164,0.095,255,0,255,255,255,77.981,72.045,0.228,24.13,255,NaN,NaN,100,4845,2.203,0.454,0.463,no
165,0.04,255,0,255,255,255,78.009,72.54,0.52,10.16,255,NaN,NaN,100,2040,1.386,0.721,0.593,no
166,0.02,255,0,255,255,255,30.999,72.76,0.539,5.08,255,NaN,NaN,100,1020,3.093,0.323,0.667,no
167,0.015,255,0,255,255,255,30.875,72.866,0.809,3.81,255,NaN,NaN,100,765,3,0.333,1,no
168,0.04,255,0,255,255,255,55.523,73.254,0.349,10.16,255,NaN,NaN,100,2040,1.542,0.648,0.533,no
169,0.015,255,0,255,255,255,89.286,73.195,1,3.81,255,NaN,NaN,100,765,1.464,0.683,0.857,no
170,0.02,255,0,255,255,255,78.9,73.854,0.857,5.08,255,NaN,NaN,100,1020,2.031,0.492,0.8,no
171,0.065,235.385,70.724,255,0,255,30.87,74.066,0.269,15.24,255,-3.175,8.083,92.308,3060,1.204,0.83,0.531,no
172,0.025,255,0,255,255,255,78.47,74.038,0.444,6.35,255,NaN,NaN,100,1275,1.422,0.703,0.556,no
173,0.159,239.062,62.713,255,0,255,31.327,74.562,0.128,38.101,255,-3.615,11.067,93.75,7650,1.773,0.564,0.478,no
174,0.065,255,0,255,255,255,53.812,74.299,0.153,16.51,255,NaN,NaN,100,3315,1.692,0.591,0.426,no
175,0.045,255,0,255,255,255,54.674,74.356,0.314,11.43,255,NaN,NaN,100,2295,2.703,0.37,0.486,no
176,0.015,255,0,255,255,255,78.63,74.207,0.643,3.81,255,NaN,NaN,100,765,2.702,0.37,0.667,no
177,0.02,255,0,255,255,255,30.47,74.348,0.698,5.08,255,NaN,NaN,100,1020,2.654,0.377,0.667,no
178,0.015,255,0,255,255,255,78.771,74.325,1,3.81,255,NaN,NaN,100,765,1.464,0.683,0.857,no
179,0.015,255,0,255,255,255,54.4,74.607,1,3.81,255,NaN,NaN,100,765,1.464,0.683,0.857,no
180,0.015,255,0,255,255,255,78.865,74.583,0.754,3.81,255,NaN,NaN,100,765,2.702,0.37,0.667,no
181,0.015,255,0,255,255,255,51.836,74.677,0.754,3.81,255,NaN,NaN,100,765,2.702,0.37,0.667,no
182,0.025,255,0,255,255,255,30.819,74.757,0.674,6.35,255,NaN,NaN,100,1275,2.749,0.364,0.769,no
183,0.025,255,0,255,255,255,54.616,74.828,0.354,6.35,255,NaN,NaN,100,1275,1.343,0.745,0.526,no
184,0.025,255,0,255,255,255,30.579,75.209,0.572,6.35,255,NaN,NaN,100,1275,1.064,0.94,0.667,no
185,0.025,255,0,255,255,255,78.949,75.308,0.572,6.35,255,NaN,NaN,100,1275,2.165,0.462,0.588,no
186,0.02,255,0,255,255,255,21.489,75.354,0.698,5.08,255,NaN,NaN,100,1020,2.654,0.377,0.667,no
187,0.02,255,0,255,255,255,21.525,75.548,0.513,5.08,255,NaN,NaN,100,1020,3.873,0.258,0.571,no
188,0.015,255,0,255,255,255,21.678,75.76,0.643,3.81,255,NaN,NaN,100,765,2.702,0.37,0.667,no
189,0.015,255,0,255,255,255,21.489,75.83,0.809,3.81,255,NaN,NaN,100,765,3,0.333,1,no
190,0.015,255,0,255,255,255,68.067,76.042,0.524,3.81,255,NaN,NaN,100,765,4.123,0.243,0.6,no
191,0.02,255,0,255,255,255,52.824,76.271,0.698,5.08,255,NaN,NaN,100,1020,2.654,0.377,0.667,no
192,0.02,255,0,255,255,255,21.383,76.324,0.393,5.08,255,NaN,NaN,100,1020,2.179,0.459,0.5,no
193,0.025,255,0,255,255,255,21.532,76.578,0.572,6.35,255,NaN,NaN,100,1275,2.511,0.398,0.625,no
194,0.025,255,0,255,255,255,80.403,76.804,0.641,6.35,255,NaN,NaN,100,1275,1.064,0.94,0.667,no
195,0.03,255,0,255,255,255,21.725,76.959,0.686,7.62,255,NaN,NaN,100,1530,1.295,0.772,0.75,no
196,0.015,255,0,255,255,255,21.607,77.83,1,3.81,255,NaN,NaN,100,765,1.464,0.683,0.857,no
197,0.025,255,0,255,255,255,80.121,77.947,0.641,6.35,255,NaN,NaN,100,1275,1.848,0.541,0.667,no
198,0.015,255,0,255,255,255,79.947,78.065,1,3.81,255,NaN,NaN,100,765,1.464,0.683,0.857,no
199,0.02,255,0,255,255,255,72.319,78.388,0.857,5.08,255,NaN,NaN,100,1020,2,0.5,0.8,no
200,0.015,255,0,255,255,255,79.288,78.371,0.967,3.81,255,NaN,NaN,100,765,3,0.333,1,no
201,0.015,255,0,255,255,255,78.888,78.465,1,3.81,255,NaN,NaN,100,765,1.464,0.683,0.857,no
202,0.025,255,0,255,255,255,79.345,78.597,0.873,6.35,255,NaN,NaN,100,1275,2.308,0.433,0.769,no
203,0.04,255,0,255,255,255,72.407,78.68,0.326,10.16,255,NaN,NaN,100,2040,1.272,0.786,0.571,no
204,0.025,255,0,255,255,255,83,79.288,0.403,6.35,255,NaN,NaN,100,1275,2.645,0.378,0.588,no
205,0.02,255,0,255,255,255,78.265,79.359,0.513,5.08,255,NaN,NaN,100,1020,3.873,0.258,0.571,no
206,0.015,255,0,255,255,255,56.564,79.476,0.754,3.81,255,NaN,NaN,100,765,2.702,0.37,0.667,no
207,0.025,255,0,255,255,255,54.051,79.937,0.572,6.35,255,NaN,NaN,100,1275,2.165,0.462,0.588,no
208,0.015,255,0,255,255,255,83.193,79.994,0.643,3.81,255,NaN,NaN,100,765,2.702,0.37,0.667,no
209,0.015,255,0,255,255,255,54.235,80.206,0.809,3.81,255,NaN,NaN,100,765,3,0.333,1,no
210,0.015,255,0,255,255,255,83.099,80.417,0.809,3.81,255,NaN,NaN,100,765,3,0.333,1,no
211,0.015,255,0,255,255,255,83.099,80.653,0.524,3.81,255,NaN,NaN,100,765,1.567,0.638,0.6,no
212,0.015,255,0,255,255,255,83.076,80.982,0.524,3.81,255,NaN,NaN,100,765,1.567,0.638,0.6,no
213,0.025,255,0,255,255,255,91.582,81.772,0.491,6.35,255,NaN,NaN,100,1275,2.496,0.401,0.588,no
214,0.02,255,0,255,255,255,91.286,81.811,0.457,5.08,255,NaN,NaN,100,1020,1.15,0.87,0.571,no
215,0.015,255,0,255,255,255,73.031,82.676,0.643,3.81,255,NaN,NaN,100,765,2.702,0.37,0.667,no
216,0.045,255,0,255,255,255,64.492,82.88,0.638,11.43,255,NaN,NaN,100,2295,1.856,0.539,0.75,no
217,0.02,255,0,255,255,255,61.469,83.064,0.393,5.08,255,NaN,NaN,100,1020,2.253,0.444,0.571,no
218,0.03,255,0,255,255,255,26.712,86.898,1,7.62,255,NaN,NaN,100,1530,1.809,0.553,0.8,no
219,0.015,255,0,255,255,255,46.213,86.981,0.643,3.81,255,NaN,NaN,100,765,2.702,0.37,0.667,no
220,0.03,255,0,255,255,255,27.159,87.063,0.377,7.62,255,NaN,NaN,100,1530,1.777,0.563,0.522,no
221,0.035,255,0,255,255,255,45.847,87.192,0.496,8.89,255,NaN,NaN,100,1785,3.102,0.322,0.609,no
222,0.04,255,0,255,255,255,26.676,87.289,0.386,10.16,255,NaN,NaN,100,2040,3.218,0.311,0.696,no
223,0.125,224.4,84.574,255,0,255,46.158,87.487,0.205,27.94,255,-2.339,3.47,88,5610,1.723,0.58,0.543,no
224,0.02,255,0,255,255,255,45.766,87.757,0.698,5.08,255,NaN,NaN,100,1020,1.581,0.632,0.615,no
225,0.015,255,0,255,255,255,101.26,88.274,1,3.81,255,NaN,NaN,100,765,1.464,0.683,0.857,no
226,0.015,255,0,255,255,255,47.037,88.98,0.754,3.81,255,NaN,NaN,100,765,2.702,0.37,0.667,no
227,0.015,255,0,255,255,255,92.815,89.074,1,3.81,255,NaN,NaN,100,765,1.464,0.683,0.857,no
228,0.025,255,0,255,255,255,47.065,89.253,0.491,6.35,255,NaN,NaN,100,1275,2.024,0.494,0.588,no
229,0.035,255,0,255,255,255,84.42,89.814,0.44,8.89,255,NaN,NaN,100,1785,1.249,0.801,0.636,no
230,0.015,255,0,255,255,255,93.497,89.874,0.524,3.81,255,NaN,NaN,100,765,1.567,0.638,0.6,no
231,0.025,255,0,255,255,255,98.992,89.959,0.388,6.35,255,NaN,NaN,100,1275,2.208,0.453,0.556,no
232,0.02,255,0,255,255,255,93.703,90.033,0.611,5.08,255,NaN,NaN,100,1020,2.53,0.395,0.615,no
233,0.015,255,0,255,255,255,84.91,90.227,0.643,3.81,255,NaN,NaN,100,765,2.702,0.37,0.667,no
234,0.015,255,0,255,255,255,99.284,90.298,0.524,3.81,255,NaN,NaN,100,765,1.567,0.638,0.6,no
235,0.02,255,0,255,255,255,98.678,90.315,1,5.08,255,NaN,NaN,100,1020,2,0.5,0.8,no
236,0.02,255,0,255,255,255,99.419,90.492,0.857,5.08,255,NaN,NaN,100,1020,2,0.5,0.8,no
237,0.015,255,0,255,255,255,99.895,90.439,0.967,3.81,255,NaN,NaN,100,765,3,0.333,1,no
238,0.015,255,0,255,255,255,99.19,90.697,0.754,3.81,255,NaN,NaN,100,765,2.702,0.37,0.667,no
239,0.015,255,0,255,255,255,82.605,91.85,0.809,3.81,255,NaN,NaN,100,765,3,0.333,1,no
240,0.015,255,0,255,255,255,89.804,92.485,0.809,3.81,255,NaN,NaN,100,765,3,0.333,1,no
241,0.015,255,0,255,255,255,27.559,92.697,0.967,3.81,255,NaN,NaN,100,765,3,0.333,1,no
242,0.015,255,0,255,255,255,96.767,92.909,0.643,3.81,255,NaN,NaN,100,765,2.702,0.37,0.667,no
243,0.02,255,0,255,255,255,72.584,92.962,0.698,5.08,255,NaN,NaN,100,1020,2.654,0.377,0.667,no
244,0.025,255,0,255,255,255,35.928,93.262,0.388,6.35,255,NaN,NaN,100,1275,2.031,0.492,0.556,no
245,0.015,255,0,255,255,255,96.767,94.226,1,3.81,255,NaN,NaN,100,765,1.464,0.683,0.857,no
246,0.025,255,0,255,255,255,75.689,95.082,0.572,6.35,255,NaN,NaN,100,1275,1.848,0.541,0.667,no
247,0.025,255,0,255,255,255,71.666,95.675,0.873,6.35,255,NaN,NaN,100,1275,1.496,0.668,0.714,no
248,0.02,255,0,255,255,255,71.543,95.926,0.857,5.08,255,NaN,NaN,100,1020,2,0.5,0.8,no
249,0.03,255,0,255,255,255,96.543,96.343,0.441,7.62,255,NaN,NaN,100,1530,2.892,0.346,0.571,no
250,0.015,255,0,255,255,255,16.479,96.743,0.524,3.81,255,NaN,NaN,100,765,1.567,0.638,0.6,no
251,0.015,255,0,255,255,255,83.946,97.12,0.754,3.81,255,NaN,NaN,100,765,2.702,0.37,0.667,no
252,0.055,255,0,255,255,255,84.171,97.47,0.322,13.97,255,NaN,NaN,100,2805,2.504,0.399,0.629,no
253,0.035,255,0,255,255,255,79.218,97.516,0.375,8.89,255,NaN,NaN,100,1785,2.957,0.338,0.538,no
254,0.015,255,0,255,255,255,81.076,98.061,0.643,3.81,255,NaN,NaN,100,765,2.702,0.37,0.667,no
255,0.02,255,0,255,255,255,80.982,98.343,0.698,5.08,255,NaN,NaN,100,1020,1.581,0.632,0.615,no
256,0.015,255,0,255,255,255,94.955,100.742,0.524,3.81,255,NaN,NaN,100,765,4.123,0.243,0.6,no